name,url,brand,price
Wanderschuhe Damen wasserdicht - NH100 halbhoch schwarz,https://www.decathlon.de/p/wanderschuhe-damen-wasserdicht-nh100-halbhoch/_/R-p-171852?mc=8493370&c=blau_grau,QUECHUA,"49,99 €"
Wanderschuhe Bergwandern MH500 halbhoch wasserdicht Damen grün,https://www.decathlon.de/p/wanderschuhe-damen-halbhoch-wasserdicht-bergwandern-mh500/_/R-p-330907?mc=8664396&c=grün,QUECHUA,"74,99 €"
Wanderschuhe Damen halbhoch wasserdicht Bergwandern - MH100 türkis,https://www.decathlon.de/p/wanderschuhe-damen-halbhoch-wasserdicht-bergwandern-mh100/_/R-p-133726?mc=8397086&c=blau,QUECHUA,"59,99 €"
Wanderschuhe Damen wasserdicht Bergwandern - MH500 blau,https://www.decathlon.de/p/wanderschuhe-damen-wasserdicht-bergwandern-mh500/_/R-p-330906?mc=8641388&c=blau_grau,QUECHUA,"69,99 €"
Wanderschuhe Damen wasserdicht - NH100 Niedrig WP,https://www.decathlon.de/p/wanderschuhe-damen-wasserdicht-nh100-niedrig-wp/_/R-p-302366?mc=8504213&c=grau,QUECHUA,"34,99 €"
Wanderschuhe Damen Bergwandern - MH500 Light blau,https://www.decathlon.de/p/wanderschuhe-damen-bergwandern-mh500-light/_/R-p-336219?mc=8668430&c=grau_blau,QUECHUA,"69,99 €"
Winterschuhe Damen halbhoch warm wasserdicht Winterwandern - SH500,https://www.decathlon.de/p/winterschuhe-winterwandern-sh100-x-warm-halbhoch-wasserdicht-damen/_/R-p-307238?mc=8545370&c=blau,QUECHUA,"49,99 €"
Wanderschuhe Bergwandern MH100 Damen grau/grün,https://www.decathlon.de/p/wanderschuhe-bergwandern-mh100-damen/_/R-p-156123?mc=8612193&c=grau_grün,QUECHUA,"39,99 €"
Trekkingschuhe Damen Leder hoch wasserdicht Bergwandern - MT100 beige,https://www.decathlon.de/p/trekkingschuhe-damen-leder-hoch-wasserdicht-bergwandern-mt100/_/R-p-4951?mc=8384356&c=braun,FORCLAZ,"89,99 €"
Wanderschuhe Damen wasserdicht Bergwandern - MH100 grau/blau,https://www.decathlon.de/p/wanderschuhe-bergwandern-mh100-wasserdicht-damen/_/R-p-156124?mc=8397090&c=grau_blau,QUECHUA,"49,99 €"
Wanderschuhe Damen halbhoch Leder wasserdicht Wandern - NH500,https://www.decathlon.de/p/wanderschuhe-damen-halbhoch-leder-wasserdicht-wandern-nh500/_/R-p-351076?mc=8851466&c=grau,QUECHUA,"64,99 €"
Winterschuhe Damen hoch Leder warm wasserdicht Winterwandern - SH900 schwarz,https://www.decathlon.de/p/winterschuhe-winterwandern-sh500-u-warm-leder-wasserdicht-damen/_/R-p-307219?mc=8738745&c=schwarz,QUECHUA,"74,99 €"
Wanderschuhe Naturwandern NH500 Leder Damen beige/khaki,https://www.decathlon.de/p/wanderschuhe-naturwandern-nh500-leder-damen/_/R-p-301781?mc=8526217&c=beige_rosa,QUECHUA,"44,99 €"
Wanderschuhe Bergwandern Columbia Redmond wasserdicht Damen grau,https://www.decathlon.de/p/wanderschuhe-bergwandern-columbia-redmond-wasserdicht-damen-grau/_/R-p-X8744286?mc=8744286,COLUMBIA,"79,99 €"
Wanderschuhe Damen Leder wasserdicht - NH500 niedrig grau,https://www.decathlon.de/p/wanderschuhe-damen-leder-wasserdicht-nh500-niedrig-grau/_/R-p-351120?mc=8851457&c=grau,QUECHUA,"54,99 €"
Wanderschuhe Damen - NH50 Niedrig,https://www.decathlon.de/p/freizeitschuhe-damen-nh100/_/R-p-308248?mc=8553549,QUECHUA,"14,99 €"
Wanderschuhe Damen - NH100 halbhoch,https://www.decathlon.de/p/wanderschuhe-damen-halbhoch-nh100/_/R-p-171860?mc=8649282&c=grau_braun,QUECHUA,"18,99 €"
Wanderschuhe Damen - NH500 Fresh blau,https://www.decathlon.de/p/wanderschuhe-damen-nh500-fresh/_/R-p-308263?mc=8786763&c=blau_grau,QUECHUA,"29,99 €"
Trekkingschuhe Damen Leder hoch wasserdicht Vibram Bergwandern ‒ MT500 Leather,https://www.decathlon.de/p/trekkingschuhe-damen-leder-hoch-wasserdicht-vibram-bergwandern-‒-mt500-leather/_/R-p-344539?mc=8786160&c=beige,FORCLAZ,"149,99 €"
Wanderschuhe Damen - Merrell Crosslander,https://www.decathlon.de/p/wanderschuhe-damen-merrell-crosslander/_/R-p-X8761333?mc=8761333,MERRELL,"79,99 €"
Gummistiefel Jagd 520 Damen strapazierfähig,https://www.decathlon.de/p/gummistiefel-jagd-520-damen-strapazierfahig/_/R-p-181051?mc=8494197&c=braun_rot,SOLOGNAC,"74,99 €"
Trekkingschuhe Leder wasserdicht ‒ MT100,https://www.decathlon.de/p/trekkingschuhe-leder-wasserdicht-‒-mt100/_/R-p-349309?mc=8826612&c=grün_braun_beige,FORCLAZ,"89,99 €"
Wanderschuhe Damen wasserdicht halbhoch Bergwandern - Merrell MQM GTX,https://www.decathlon.de/p/wanderschuhe-damen-wasserdicht-halbhoch-bergwandern-merrell-mqm-gtx/_/R-p-X8813499?mc=8813499,MERRELL,"159,99 €"
Wanderschuhe Damen Bergwandern - Salomon XA Pro 3D V9,https://www.decathlon.de/p/wanderschuhe-damen-bergwandern-salomon-xa-pro-3d-v9/_/R-p-X8883840?mc=8883840,SALOMON,"149,99 €"
Schneestiefel Damen Leder warm wasserdicht Winterwandern - SH500 beige,https://www.decathlon.de/p/schneestiefel-damen-leder-warm-wasserdicht-winterwandern-sh500/_/R-p-332914?mc=8644860&c=beige,QUECHUA,"59,99 €"
Trekkingschuhe Damen wasserdicht Vibram Goretex GTX - Tecnica Starcross,https://www.decathlon.de/p/trekkingschuhe-damen-wasserdicht-vibram-goretex-gtx-tecnica-starcross/_/R-p-X8763113?mc=8763113,TECNICA,"139,99 €"
Schneestiefel Damen halbhoch warm wasserdicht Winterwandern - SH100 grau,https://www.decathlon.de/p/schneestiefel-damen-halbhoch-warm-wasserdicht-winterwandern-sh100-grau/_/R-p-108086?mc=8344698&c=grau_rosa,QUECHUA,"19,99 €"
Winterschuhe Damen halbhoch warm wasserdicht Winterwandern - SH100,https://www.decathlon.de/p/winterschuhe-damen-halbhoch-warm-wasserdicht-winterwandern-sh100/_/R-p-135965?mc=8367538&c=schwarz_grau,QUECHUA,"34,99 €"
Schneestiefel Damen hoch warm wasserdicht Winterwandern - SH500 schwarz,https://www.decathlon.de/p/schneestiefel-damen-hoch-warm-wasserdicht-winterwandern-sh500/_/R-p-324197?mc=8580453&c=schwarz,QUECHUA,"54,99 €"
Schneestiefel Damen Klettverschluss warm wasserdicht - SH100 schwarz,https://www.decathlon.de/p/schneestiefel-damen-klettverschluss-warm-wasserdicht-sh100-schwarz/_/R-p-312022?mc=8581754&c=schwarz,QUECHUA,"34,99 €"
Wanderschuhe Damen halbhoch warm wasserdicht - SH500 Mountain schwarz/blau,https://www.decathlon.de/p/wanderschuhe-damen-halbhoch-warm-wasserdicht-sh500-mountain/_/R-p-340149?mc=8802409&c=blau_grün,QUECHUA,"89,99 €"
Winterschuhe Damen halbhoch Leder warm wasserdicht Winterwandern - SH900 grau,https://www.decathlon.de/p/winterschuhe-winterwandern-sh500-x-warm-halbhoch-wasserdicht-damen/_/R-p-174724?mc=8544192&c=grau,QUECHUA,"69,99 €"
Wanderschuhe Damen wasserdicht halbhoch Bergwandern - Merrell Crosslander braun,https://www.decathlon.de/p/wanderschuhe-damen-wasserdicht-halbhoch-bergwandern-merrell-crosslander-braun/_/R-p-X8808041?mc=8808041,MERRELL,"109,99 €"
Wanderschuhe Damen halbhoch wasserdicht - Columbia Hera Outdry,https://www.decathlon.de/p/wanderschuhe-damen-halbhoch-wasserdicht-columbia-hera-outdry/_/R-p-X8884278?mc=8884278,COLUMBIA,"139,99 €"
Winterschuhe Damen hoch warm wasserdicht Winterwandern - SH100 blau,https://www.decathlon.de/p/winterschuhe-damen-hoch-warm-wasserdicht-winterwandern-sh100-blau/_/R-p-143770?mc=8544190&c=blau_weiß,QUECHUA,"34,99 €"
Trekkingschuhe Damen wasserdicht Gore-Tex - Salomon Quest 4 GTX,https://www.decathlon.de/p/trekkingschuhe-damen-wasserdicht-gore-tex-salomon-quest-4-gtx/_/R-p-X8625199?mc=8625199,SALOMON,"184,99 €"
Wanderschuhe Damen halbhoch wasserdicht Wandern - MH100 grün,https://www.decathlon.de/p/wanderschuhe-damen-halbhoch-wasserdicht-wandern-mh100-grun/_/R-p-336189?mc=8789351,QUECHUA,"59,99 €"
Freizeitschuhe halbhoch Salomon X Ultra Pioneer Damen - GoreTex,https://www.decathlon.de/p/freizeitschuhe-halbhoch-salomon-x-ultra-pioneer-damen-goretex/_/R-p-X8814854?mc=8814854,SALOMON,"119,99 €"
Schneestiefel Damen hoch Schnürung warm wasserdicht - SH500 schwarz,https://www.decathlon.de/p/schneestiefel-damen-hoch-schnurung-warm-wasserdicht-winterwandern-sh500/_/R-p-340155?mc=8756982&c=blau,QUECHUA,"49,99 €"
Jagdstiefel SPORTHUNT 500 beige,https://www.decathlon.de/p/jagdstiefel-sporthunt-500-beige/_/R-p-333020?mc=8645926&c=braun,SOLOGNAC,"69,99 €"
